{"currentPosition":{"x":25.231584548950197,"y":6.766636848449707},"currentScene":0,"currentHealth":0,"currentShield":0,"currentMoney":0}