{"x":-2.9000000953674318,"y":-0.4699999988079071}